<ImportExportXml version="9.2.21043.134" SolutionPackageVersion="9.2" languagecode="1033" generatedBy="CrmLive" xmlns:xsi="http://www.w3.org/2001/XMLSchema-instance">
  <SolutionManifest>
    <UniqueName>StudentExperience</UniqueName>
    <LocalizedNames>
      <LocalizedName description="Student Experience" languagecode="1033" />
    </LocalizedNames>
    <Descriptions />
    <Version>1.0.0.2</Version>
    <Managed>0</Managed>
    <Publisher>
      <UniqueName>pragmaticworks</UniqueName>
      <LocalizedNames>
        <LocalizedName description="Pragmatic Works Publisher" languagecode="1033" />
      </LocalizedNames>
      <Descriptions />
      <EMailAddress>support@pragmaticworks.com</EMailAddress>
      <SupportingWebsiteUrl>https://www.pragmaticworks.com</SupportingWebsiteUrl>
      <CustomizationPrefix>prag</CustomizationPrefix>
      <CustomizationOptionValuePrefix>16308</CustomizationOptionValuePrefix>
      <Addresses>
        <Address>
          <AddressNumber>1</AddressNumber>
          <AddressTypeCode>1</AddressTypeCode>
          <City>Fleming Island</City>
          <County xsi:nil="true"></County>
          <Country>US</Country>
          <Fax xsi:nil="true"></Fax>
          <FreightTermsCode xsi:nil="true"></FreightTermsCode>
          <ImportSequenceNumber xsi:nil="true"></ImportSequenceNumber>
          <Latitude xsi:nil="true"></Latitude>
          <Line1>1845 Towncenter Blvd</Line1>
          <Line2>Suite 505</Line2>
          <Line3 xsi:nil="true"></Line3>
          <Longitude xsi:nil="true"></Longitude>
          <Name xsi:nil="true"></Name>
          <PostalCode>32003</PostalCode>
          <PostOfficeBox xsi:nil="true"></PostOfficeBox>
          <PrimaryContactName xsi:nil="true"></PrimaryContactName>
          <ShippingMethodCode>1</ShippingMethodCode>
          <StateOrProvince>FL</StateOrProvince>
          <Telephone1>(904) 413-1911</Telephone1>
          <Telephone2 xsi:nil="true"></Telephone2>
          <Telephone3 xsi:nil="true"></Telephone3>
          <TimeZoneRuleVersionNumber xsi:nil="true"></TimeZoneRuleVersionNumber>
          <UPSZone xsi:nil="true"></UPSZone>
          <UTCOffset xsi:nil="true"></UTCOffset>
          <UTCConversionTimeZoneCode xsi:nil="true"></UTCConversionTimeZoneCode>
        </Address>
        <Address>
          <AddressNumber>2</AddressNumber>
          <AddressTypeCode>1</AddressTypeCode>
          <City xsi:nil="true"></City>
          <County xsi:nil="true"></County>
          <Country xsi:nil="true"></Country>
          <Fax xsi:nil="true"></Fax>
          <FreightTermsCode xsi:nil="true"></FreightTermsCode>
          <ImportSequenceNumber xsi:nil="true"></ImportSequenceNumber>
          <Latitude xsi:nil="true"></Latitude>
          <Line1 xsi:nil="true"></Line1>
          <Line2 xsi:nil="true"></Line2>
          <Line3 xsi:nil="true"></Line3>
          <Longitude xsi:nil="true"></Longitude>
          <Name xsi:nil="true"></Name>
          <PostalCode xsi:nil="true"></PostalCode>
          <PostOfficeBox xsi:nil="true"></PostOfficeBox>
          <PrimaryContactName xsi:nil="true"></PrimaryContactName>
          <ShippingMethodCode>1</ShippingMethodCode>
          <StateOrProvince xsi:nil="true"></StateOrProvince>
          <Telephone1 xsi:nil="true"></Telephone1>
          <Telephone2 xsi:nil="true"></Telephone2>
          <Telephone3 xsi:nil="true"></Telephone3>
          <TimeZoneRuleVersionNumber xsi:nil="true"></TimeZoneRuleVersionNumber>
          <UPSZone xsi:nil="true"></UPSZone>
          <UTCOffset xsi:nil="true"></UTCOffset>
          <UTCConversionTimeZoneCode xsi:nil="true"></UTCConversionTimeZoneCode>
        </Address>
      </Addresses>
    </Publisher>
    <RootComponents>
      <RootComponent type="1" schemaName="prag_vaccinerecord" behavior="0" />
      <RootComponent type="9" schemaName="prag_manufacturer" behavior="0" />
      <RootComponent type="9" schemaName="prag_verificationstatus" behavior="0" />
      <RootComponent type="60" id="{c7ba74ef-2fa5-eb11-b1ac-000d3a998f00}" behavior="0" />
      <RootComponent type="60" id="{c9f55729-e8ba-4d55-9d9f-632914811d5c}" behavior="0" />
      <RootComponent type="61" schemaName="prag_vaccinecardicon" behavior="0" />
      <RootComponent type="62" schemaName="prag_StudentExperienceApp" behavior="0" />
      <RootComponent type="80" schemaName="prag_StudentExperienceApp" behavior="0" />
    </RootComponents>
    <MissingDependencies>
      <MissingDependency>
        <Required key="0" type="1" schemaName="prag_achievementcategory" displayName="Achievement Category" solution="Active" />
        <Dependent key="1" type="80" schemaName="prag_StudentExperienceApp" displayName="Vaccine Tracker Verification App" />
      </MissingDependency>
      <MissingDependency>
        <Required key="2" type="60" displayName="Information" parentDisplayName="Contact" solution="msdynce_AppCommon (9.0.4.0066)" id="{894cc46a-b0cb-4ab0-8bf6-200544e46a2d}" />
        <Dependent key="1" type="80" schemaName="prag_StudentExperienceApp" displayName="Vaccine Tracker Verification App" />
      </MissingDependency>
      <MissingDependency>
        <Required key="3" type="60" displayName="Contact" parentDisplayName="Contact" solution="msdynce_AppCommon (9.0.4.0066)" id="{1fed44d1-ae68-4a41-bd2b-f13acac4acfa}" />
        <Dependent key="1" type="80" schemaName="prag_StudentExperienceApp" displayName="Vaccine Tracker Verification App" />
      </MissingDependency>
      <MissingDependency>
        <Required key="4" type="61" schemaName="msa_icon_nav_portals_32.png" displayName="msa_icon_nav_portals_32.png" solution="MicrosoftPortalDependencies (9.2.2103.0)" />
        <Dependent key="1" type="80" schemaName="prag_StudentExperienceApp" displayName="Vaccine Tracker Verification App" />
      </MissingDependency>
      <MissingDependency>
        <Required key="5" type="60" displayName="Contact Quick Form" parentDisplayName="Contact" solution="msdynce_AppCommon (9.0.4.0066)" id="{bdb0ae1c-32fa-4374-b637-8dafe107bc44}" />
        <Dependent key="6" type="60" displayName="Information" parentDisplayName="Vaccine Record" id="{c9f55729-e8ba-4d55-9d9f-632914811d5c}" />
      </MissingDependency>
      <MissingDependency>
        <Required key="7" type="66" schemaName="MscrmControls.FieldControls.ToggleControl" displayName="MscrmControls.FieldControls.ToggleControl" solution="BaseCustomControlsCore (9.0.2104.3005)" />
        <Dependent key="6" type="60" displayName="Information" parentDisplayName="Vaccine Record" id="{c9f55729-e8ba-4d55-9d9f-632914811d5c}" />
      </MissingDependency>
    </MissingDependencies>
  </SolutionManifest>
</ImportExportXml>