{"properties":{"connectionReferences":{"shared_commondataserviceforapps":{"runtimeSource":"embedded","connection":{"connectionReferenceLogicalName":"prag_sharedcommondataserviceforapps_36c96"},"api":{"name":"shared_commondataserviceforapps"}},"shared_sendmail":{"runtimeSource":"embedded","connection":{"connectionReferenceLogicalName":"prag_sharedsendmail_f5891"},"api":{"name":"shared_sendmail"}}},"definition":{"$schema":"https://schema.management.azure.com/providers/Microsoft.Logic/schemas/2016-06-01/workflowdefinition.json#","contentVersion":"1.0.0.0","parameters":{"$connections":{"defaultValue":{},"type":"Object"},"$authentication":{"defaultValue":{},"type":"SecureObject"}},"triggers":{"Recurrence":{"recurrence":{"frequency":"Week","interval":1,"startTime":"2021-11-21T11:45:00Z","schedule":{"weekDays":["Monday"]}},"type":"Recurrence"}},"actions":{"Find_Contacts_that_Need_Reminder":{"runAfter":{},"type":"OpenApiConnection","inputs":{"host":{"connectionName":"shared_commondataserviceforapps","operationId":"ListRecords","apiId":"/providers/Microsoft.PowerApps/apis/shared_commondataserviceforapps"},"parameters":{"entityName":"contacts","$expand":"prag_TestResult_Contact_Contact($select=prag_result;$filter=(prag_testdate gt 2021-11-13T18:04:19Z)),prag_VaccineRecord_Student_Contact($select=prag_vaccinerecordid)","fetchXml":"<fetch xmlns:generator=\"MarkMpn.SQL4CDS\">\n  <entity name=\"contact\">\n    <attribute name=\"fullname\" />\n    <attribute name=\"emailaddress1\" />\n    <attribute name=\"contactid\" />\n    <link-entity name=\"prag_testresult\" to=\"contactid\" from=\"prag_contact\" alias=\"prag_testresult\" link-type=\"outer\">\n      <attribute name=\"prag_result\" />\n      <filter>\n        <condition attribute=\"prag_testdate\" operator=\"gt\" value=\"2021-11-13T18:04:19.683+00:00\" />\n      </filter>\n    </link-entity>\n    <link-entity name=\"prag_vaccinerecord\" from=\"prag_student\" to=\"contactid\" link-type=\"outer\" alias=\"prag_vaccinerecord\" visible=\"true\">\n      <attribute name=\"prag_vaccinerecordid\" />\n    </link-entity>\n  </entity>\n</fetch>"},"authentication":"@parameters('$authentication')"}},"Apply_to_each":{"foreach":"@outputs('Find_Contacts_that_Need_Reminder')?['body/value']","actions":{"Send_an_email_notification_(V3)":{"runAfter":{},"type":"OpenApiConnection","inputs":{"host":{"connectionName":"shared_sendmail","operationId":"SendEmailV3","apiId":"/providers/Microsoft.PowerApps/apis/shared_sendmail"},"parameters":{"request/to":"@{items('Apply_to_each')?['emailaddress1']};","request/subject":"Action Required: Please update your vaccine record or submit a test result","request/text":"<p>Good morninig, please update your vaccine record or upload a test result here.&nbsp;</p>"},"authentication":"@parameters('$authentication')"}}},"runAfter":{"Needing_Reminder_Individuals":["Succeeded"]},"type":"Foreach"},"Needing_Reminder_Individuals":{"actions":{},"runAfter":{"Find_Contacts_that_Need_Reminder":["Succeeded"]},"expression":{"equals":["",""]},"type":"If"}}}},"schemaVersion":"1.0.0.0"}